"month","规模以上工业增加值_当期同比实际增速","发电量_当期同比增速","原煤产量_当期同比增速","焦炭产量_当期同比增速","粗钢产量_当期同比增速","钢材产量_当期同比增速","原油产量_当期同比增速","乙烯产量_当期同比增速","十种有色金属产量_当期同比增速","汽车产量_当期同比增速","工业锅炉产量_当期同比增速","金属集装箱产量_当期同比增速","固定资产投资完成额不含农户_当期实际同比增速","固定资产投资完成额不含农户_第一产业_当期实际同比增速","固定资产投资完成额不含农户_第二产业_当期实际同比增速","固定资产投资完成额不含农户_第三产业_当期实际同比增速","房地产开发投资_当期实际同比增速","房地产开发企业新增固定资产_当期实际同比增速","房地产开发投资_住宅_当期实际同比增速","房地产开发企业房屋施工面积_当期同比增速","房地产开发企业房屋竣工面积_当期同比增速","房地产开发企业商品房销售面积_当期同比增速","房地产开发企业商品房销售额_当期实际同比增速","房地产开发企业购置土地面积_当期同比增速","国房景气指数_当期","消费者预期指数_当期_一阶差分","消费者满意指数_当期_一阶差分","消费者信心指数_当期_一阶差分","社会消费品零售总额_当期实际同比增速","进出口总额美元_当期实际同比增速","出口额美元_当期实际同比增速","进口额美元_当期实际同比增速","出口商品价格指数上年同期100_当期","进口商品价格指数上年同期100_当期","出口商品数量增长指数上年同月100_当期","进口商品数量增长指数上年同月100_当期","贸易条件_一阶差分","出口占进口比例_一阶差分","期货成交量_郑州商品交易所_当期同比增速","期货成交额_郑州商品交易所_当期同比增速","期货平均价格_郑州商品交易所_一阶差分","期货成交量_大连商品交易所_当期同比增速","期货成交额_大连商品交易所_当期同比增速","期货平均价格_大连商品交易所_一阶差分","期货成交量_上海期货交易所_当期同比增速","期货成交额_上海期货交易所_当期同比增速","期货平均价格_上海商品交易所_一阶差分","外汇储备_期末同比增速","汇率指数收益率","l即期汇率美元兑人民币_一阶差分","l即期汇率欧元兑人民币_一阶差分","l日元兑人民币平均汇率_当期_一阶差分","l即期汇率英镑兑人民币_一阶差分","一般公共预算支出_当期实际同比增速","一般公共预算收入_当期实际同比增速","财政收支比例","金融机构人民币各项贷款_期末同比增速","金融机构人民币各项存款_期末同比增速","金融机构存贷差同比增速","金融机构短期贷款余额同比增速","金融机构中长期贷款余额同比增速","流通中货币M0_期末同比增速","货币M1_期末同比增速","货币和准货币M2_期末同比增速","社会融资规模存量同比增速","居民消费价格指数上年同期100_当期","居民消费价格指数上年同期100_食品_当期","居民消费价格指数上年同期100_衣着_当期","居民消费价格指数上年同期100_交通和通信_当期","居民消费价格指数上年同期100_居住_当期","工业生产者出厂价格指数上年同期100_当期","工业生产者出厂价格指数上年同期100_采掘品_当期","工业生产者出厂价格指数上年同期100_原料_当期","工业生产者出厂价格指数上年同期100_加工业产品_当期","工业生产者出厂价格指数上年同期100_生活资料_当期","工业生产者出厂价格指数上年同期100_食品_当期","工业生产者出厂价格指数上年同期100_衣着_当期","工业生产者出厂价格指数上年同期100_一般日用品_当期","工业生产者出厂价格指数上年同期100_耐用消费品_当期","企业商品价格指数上年同期100_当期","企业商品价格指数上年同期100_农产品_当期","企业商品价格指数上年同期100_矿产品_当期","企业商品价格指数上年同期100_煤油电_当期","工业生产者购进价格指数上年同期100_当期","工业生产者购进价格指数上年同期100_燃料动力类_当期","工业生产者购进价格指数上年同期100_黑色金属材料类_当期","工业生产者购进价格指数上年同期100_有色金属材料和电线类","工业生产者购进价格指数上年同期100_化工原料类_当期","工业生产者购进价格指数上年同期100_木材及纸浆类_当期","工业生产者购进价格指数上年同期100_建筑材料及非金属矿类","工业生产者购进价格指数上年同期100_其它工业原材料及半成","工业生产者购进价格指数上年同期100_农副产品类_当期","工业生产者购进价格指数上年同期100_纺织原料类_当期","银行间同业拆借加权平均利率_当期_一阶差分","银行间同业拆借加权平均利率_隔夜_当期_一阶差分","银行间同业拆借加权平均利率_7天_当期_一阶差分","银行间同业拆借加权平均利率_1个月_当期_一阶差分","银行间同业拆借加权平均利率_2个月_当期_一阶差分","银行间同业拆借加权平均利率_3个月_当期_一阶差分","人民币存款准备金率大型存款类金融机构月_一阶差分","人民银行对金融机构贷款利率再贴现利率月_一阶差分","人民银行对金融机构贷款利率20天以内月_一阶差分","人民银行对金融机构贷款利率3个月以内月_一阶差分","人民银行对金融机构贷款利率6个月以内月_一阶差分","人民银行对金融机构贷款利率1年月_一阶差分","中长期贷款利率5年以上月_一阶差分","中长期贷款利率3至5年含月_一阶差分","中长期贷款利率1至3年含月_一阶差分","短期贷款利率6个月至1年含月_一阶差分","短期贷款利率6个月含月_一阶差分","活期存款利率月_一阶差分","定期存款利率3个月月_一阶差分","定期存款利率6个月月_一阶差分","定期存款利率1年整存整取月_一阶差分","定期存款利率2年整存整取月_一阶差分","定期存款利率3年整存整取月_一阶差分","中债国债到期收益率0年_一阶差分","中债国债到期收益率1个月_一阶差分","中债国债到期收益率3个月_一阶差分","中债国债到期收益率6个月_一阶差分","中债国债到期收益率9个月_一阶差分","中债国债到期收益率1年_一阶差分","中债国债到期收益率3年_一阶差分","中债国债到期收益率5年_一阶差分","中债国债到期收益率10年_一阶差分","期限利差_一阶差分","上证综指收益率","深证综指收益率","中债综合指数收益率","中债总指数收益率","中债固定利率债券指数收益率","中债浮动利率债券指数收益率","中债长期债券指数收益率","中债中短期债券指数收益率","中债银行间债券总指数收益率","中债国债总指数收益率","中债金融债券总指数收益率","上证基金指数收益率","美国工业生产指数全部工业非季调_当期同比增速","美国CPI当月同比","美国失业率季调_一阶差分","美国联邦基金利率日_一阶差分","美国标准普尔500指数收盘价收益率","美国纳斯达克综合指数收盘价收益率","美国道琼斯工业平均指数收盘价收益率","CRB现货指数食品收益率","CRB现货指数家畜收益率","CRB现货指数金属收益率","CRB现货指数工业原料收益率","CRB现货指数纺织品收益率","波罗的海干散货指数BDI收益率"
169,6,6.9,-3,8,3.2,-0.2,-7.7,-1,9.2,12.7,9.23,2.34,1.998451,8.498805,0.9054226,2.389361,6.369831,-3.313532,5.976014,18.36715,5.302567,11.83235,18.0312,2.140845,100.76,0.9,0.7,0.8,10.42556,9.750125,-3.971177,-9.907368,104.06,112.77,111.38,111.05,-0.0219999,0.136152,-37.28475,-23.96948,-0.154878,-41.11782,-25.78804,-0.337249,-36.68018,-4.913536,0.402832999999999,-7.202003,0.00405263900756836,-0.00405194100257484,0.00295733727982981,0.00334448472284735,-0.0182950000000002,36.4366,16.801,1.45013,12.6,10.4,5.18893146514893,3.70334815979004,19.4866428375244,19.4,14.5,10.7,16.4300346374512,102.55,102.7,101.05,102.35,102.26,106.9,131,112.9,105.9,100.8,101.3,101.1,101.5,99.4,108.5,104.5,115.2,117.7,108.4,114.7,118.9,115.8,108.1,103.3,105.2,102.4,103,103.3,-0.0800000000000001,-0.12,-0.0499999999999998,-0.15,0,0.140000000000001,0,0,0,0,0,0,0,0,0,0,0,0,0,0,0,0,0,-0.0967519999999999,-0.157024,-0.0877470000000002,-0.0577570000000001,0.00935500000000022,0.0253150000000004,-0.0148279999999996,0.0134020000000001,0.0837729999999999,-0.0877470000000002,0.0177336,-0.0266533,0.0006008,-0.0003309,-0.0004482,0.0027289,-0.0076528,0.0006933,0.000339,0.0001097,-0.000752,-0.0032415,0.29063093778543,2.5,0,0.1090909,0.0177259,0.0421362,0.0051222,0.013988,0.0204115,0.0315275,0.0166221,0.017879,-0.1457415
170,6,6.9,-3,8,3.2,-0.2,-7.7,-1,9.2,12.7,9.23,2.34,1.998451,8.498805,0.9054226,2.389361,6.369831,-3.313532,5.976014,18.36715,5.302567,11.83235,18.0312,2.140845,100.78,3.8,2.9,3.4,10.42556,17.19722,-9.424837,10.24309,106.68,113.88,97.66,127.08,0.0140124,-0.4542652,14.8676,38.0801,0.123363,-2.448112,16.29717,-0.0284910000000007,1.923774,46.96011,0.219838,-6.15794,-0.00967216491699219,-0.00324649010862652,-0.00272864374473882,0.0149132838507176,0.0104739999999999,0.440063,11.66522,1.029392,13,11.4,7.64460134506226,4.01489686965942,19.7874145507812,3.32,21.41,10.4,16.4257640838623,100.8,95.7,101.15,101.66,102.54,107.8,136.1,115.5,106.6,100.8,101.1,101.3,101.5,99.4,109.3,100.1,117.1,121.5,109.9,118.7,121.4,117.1,110.3,104,105.9,102.7,102.6,104,0.11,0.16,0.22,0.46,0.12,0.279999999999999,0,0,0,0,0,0,0,0,0,0,0,0,0,0,0,0,0,0.188289,-0.0105680000000001,0.0267110000000002,0.0428320000000002,0.0456629999999998,0.0918209999999999,0.0843419999999999,0.087669,0.139479,0.0267110000000002,0.0257978,0.0428782,-0.0045214,-0.0072379,-0.0075479,0.0009632,-0.0240898,-0.0047398,-0.0045323,-0.0059147,-0.0083256,0.0097694,0.54761668209411,2.7,0,0.00504550000000004,0.0365233,0.0368299,0.046628,0.0060291,0.0249691,0.0082598,0.0068841,0.0125904,-0.1777053
171,7.6,7.2,1.9,4.8,1.8,-0.7,-4.6,-2.5,4,4.79,8.97,26.52,2.015038,11.96696,-2.014299,4.487635,1.905094,2.396233,5.805291,-2.804773,13.71485,14.66445,26.12215,5.020214,101.13,-2,-1.1,-1.6,12.46556,19.31207,6.451152,-6.439432,104.55,113.61,116.53,111.11,-0.0165221000000001,0.2293392,-30.35052,-10.95384,0.0750090000000001,-47.37687,-42.99512,0.00182900000000075,-52.97279,-23.59784,-0.569699,-6.334195,-0.0136504173278809,0.00339904087519273,0.00927891581765142,0.0032840752011898,-0.00728499999999999,27.14662,13.70706,0.6132016,12.4,10.3,5.32497644424438,4.66695880889893,19.5530261993408,6.1,18.8,10.1,16.2763385772705,100.92,95.6,101.25,102,102.44,107.6,133.7,114.9,106.5,100.7,100.7,101.3,101.4,99.6,108.4,97.7,115.8,120.6,110,119,121.8,116.1,110,104.5,106.8,102.9,102.3,104.6,0.15,0.13,0.23,0.239999999999999,0.17,0.36,0,0,0,0,0,0,0,0,0,0,0,0,0,0,0,0,0,0.12295,0.208662,0.143048,0.0956329999999999,0.0795910000000002,0.048921,0.0581899999999997,0.0472679999999999,-0.042322,0.143048,-0.0059462,-0.0074477,0.0006509,0.0023952,0.0023627,0.0032964,0.0049338,0.0020242,0.0005717,0.003026,0.0018625,0.0016031,2.70023510077377,2.4,-0.3,0.1310217,-0.0003896,0.0147057,-0.0071859,-0.0160275,-0.00811,0.0163403,0.008677,0.0117083,0.4074082
172,6.5,5.4,9.9,5.9,4.9,0.5,-3.7,1.1,5,0.31,10.11,8.97,2.40842,11.89404,-3.244559,6.023045,3.819595,-9.285892,3.284082,4.855133,-6.107821,7.745814,11.2152,13.56282,101.23,2.2,2.6,2.4,11.95121,9.932878,-2.817283,-5.71225,106.86,113.5,106.96,104.52,0.0212443000000001,0.113435,-48.8392,-46.21446,-0.18604,-55.81554,-56.11383,-0.00969400000000054,-55.01511,-28.83156,-0.295627,-5.905423,-0.00873136520385742,-0.000738463392989756,0.00227747455928025,0.0274875834655639,0.0236730000000001,5.206541,9.36502,1.230917,12.9,9.8,2.69598579406738,5.76352691650391,20.4560737609863,6.19,18.54,9.8,16.6494960784912,101.17,96.5,101.31,101.78,102.42,106.4,128.3,113,105.2,100.7,100.5,101.5,101.4,99.9,106.8,97.2,112.2,118.6,109,117.6,117.3,115.4,108.1,104.7,107.8,102.6,102.3,104.7,0.0299999999999998,0.0500000000000003,0.02,-0.26,-0.16,-0.32,0,0,0,0,0,0,0,0,0,0,0,0,0,0,0,0,0,0.147761,0.0299750000000003,0.142004,0.201245,0.242657,0.223084,0.144415,0.128295,0.0542319999999998,0.142004,-0.0212803,-0.0408697,-7.34e-05,0.0001607,0.000104,0.0020323,0.0023479,-0.0001583,-0.0001764,-0.00144,0.0015082,9.73e-05,1.70692701291761,2.2,0,0.1194782,0.0090504,0.0227232,0.0133305,-0.0384312,-0.0325546,-0.0215797,-0.0090961,0.0025101,0.0681047
173,6.5,5,12.1,-1.5,1.8,-1.9,-3.7,-2,2.4,4.1,1.83,-4.51,2.123888,6.749873,-1.662884,4.548014,1.662336,-23.45676,2.625032,1.801373,-12.39793,10.24427,14.72172,-1.439656,101.18,-1.7,-0.9,-1.4,11.27138,10.89725,-1.306497,-3.491452,105.44,112.44,109.57,108.57,-0.00375320000000001,0.00914499999999996,-40.94026,-34.71194,-0.0355110000000001,-36.89055,-27.45121,0.0041089999999997,-16.64518,2.630874,-1.091463,-4.328961,-0.00737714767456055,-0.000303318143144914,0.0291876077223557,-0.0225816046967093,0.022446,9.966558,4.494728,0.9502594,12.9,9.2,0.699396848678589,6.86361789703369,20.4846286773682,7.3,17,9.1,16.934326171875,101.52,98.4,101.33,101.12,102.46,105.5,122.7,111.1,104.6,100.6,100.3,101.5,101.1,100.2,106.2,97,110.2,114.2,108,115.8,114,113.9,107.1,104.9,108,102.5,101.2,104.9,0.23,0.23,0.0600000000000001,0,0.32,0.31,0,0,0,0,0,0,0,0,0,0,0,0,0,0,0,0,0,0.0376879999999997,0.0441539999999998,0.239386,0.309109,0.293852,0.381535,0.474282,0.383062,0.235207,0.239386,-0.0119514,-0.053102,-0.008471,-0.0103712,-0.0106077,-0.0027618,-0.0211825,-0.0087676,-0.0085716,-0.0135717,-0.0077114,-0.0093164,3.07407052778144,1.9,0,0.000521699999999958,0.0115099,0.0246477,0.0032482,0.0475421,0.0436492,-0.0086789,-0.0077124,-0.0028181,-0.2275767
174,7.6,5.2,10.6,-1.4,5.7,0.7,-2.3,-3.2,6.1,6.2,-0.96,9.71,3.012174,9.71174,-0.2954932,4.766127,2.158366,-1.891782,4.900349,13.44384,1.259473,21.36575,30.83386,19.71897,101.37,1.7,0.6,1.3,11.40019,13.55421,1.431747,6.376302,106.22,106.22,110.47,110.47,0.0622554,0.000820999999999961,-49.47712,-47.86126,-0.0248359999999996,-27.90695,-17.85887,-0.110487,18.77468,28.6141,-0.211972,-4.629189,0.00302457809448242,-0.0120006080753373,0.00519125723993276,0.00162999221093097,-0.0225219999999999,19.79154,9.6728,0.6323078,12.9,9.2,0.754550635814667,7.36081600189209,20.2932052612305,6.62,15.01,9.1,17.0011482238769,101.5,98.8,101.41,100.15,102.52,105.5,118.3,110,105.4,100.5,100.1,101.3,101,100.1,106.1,98.2,110.2,110.7,107.3,112.5,113.7,114.1,107,105.3,108.6,102.4,100.6,104.8,0.0600000000000001,0.0600000000000001,0.0599999999999996,0.78,0.44,0.279999999999999,0,0,0,0,0,0,0,0,0,0,0,0,0,0,0,0,0,0.129174,0.4897,0.269726,0.233745,0.15875,0.105367,-0.042421,-0.0708340000000001,-0.0483089999999997,0.269726,0.0238533,0.0482502,0.0068116,0.006938,0.0069671,0.0059347,0.0093527,0.0065722,0.0067949,0.0054078,0.0081949,0.0204325,2.55153435559381,1.6,-0.100000000000001,0.1352963,0.0048022,-0.0094175,0.0161009,0.0544086,0.0707836,-0.0040312,0.0007758,-0.0201845,-0.1233344
175,6.4,8.6,8.5,0.1,10.3,2.7,-2.9,1,0,4.33,2.78,24,-0.0937422,-0.8797793,-5.978343,4.109316,-1.67486,-21.2483,2.371104,-5.476568,-13.546,2.02039,5.129889,24.24892,101.42,1,1.9,1.3,10.7633,8.825677,0.3201398,1.271097,103.99,106.72,106.9,107.48,-0.0255809,0.036089,-43.73959,-46.65457,0.00464399999999987,-28.03668,-15.1946,0.460415,-12.3567,-5.893577,0.545176,-3.75929,0.00109004974365234,-0.00510819777056806,0.0190364247828277,-0.0197374828383214,0.00972499999999998,6.075061,11.8128,1.219358,13.2,9.4,0.635222613811493,8.51225662231445,20.5183982849121,6.09,15.25,8.9,17.6383361816406,101.41,98.9,101.4,99.76,102.5,105.5,115.8,109.3,105.8,100.5,100.4,101.2,100.6,100,105.8,98.7,109.3,109.2,107,110.7,114.1,113.2,107.1,105.8,109.3,102.4,100.9,104.2,-0.12,-0.12,-0.04,-1.02,-0.91,-0.569999999999999,0,0,0,0,0,0,0,0,0,0,0,0,0,0,0,0,0,0.0593540000000004,-0.215186,-0.288316,-0.176431,-0.0776410000000003,-0.112191,-0.0469309999999998,-0.0198179999999999,0.0170509999999999,-0.288316,0.0249338,-0.0098448,0.0078411,0.0061717,0.0061574,0.0067539,0.0021725,0.0067744,0.0077448,0.0026026,0.0090981,0.0195427,2.53104486246132,1.7,0,0.113896,0.0191636,0.0332651,0.0250463,0.015686,-0.012084,0.0298619,0.0039687,-0.012424,0.0518956
176,6,4.8,4.1,-5.3,8.7,0.5,-3.1,14.5,-2.2,4.7,7.8,61.88,-2.599584,-8.536371,-5.227793,-0.4812901,1.145553,-13.51092,3.995663,-0.3273082,12.52379,4.255989,5.959776,3.666059,101.42,0.2,-0.2,0.1,9.665901,8.233375,1.006882,8.125295,102.94,106.38,103.87,107.58,-0.00675599999999998,-0.0510840000000001,-25.96944,-19.95989,0.267648,5.367894,39.49513,0.968317,18.33583,60.45409,1.01294,-2.939877,0.00609827041625977,-0.0150554551784913,0.0110805772709548,0.00991743665734614,-0.016845,2.80974,7.210614,0.7272668,13.2,9,-0.593670070171356,9.22987461090088,20.829891204834,6.46,13.99,8.6,17.6223220825195,101.77,99.8,101.26,100.72,102.68,106.3,118.2,111,106.4,100.6,100.7,101.4,100.8,100,106.7,99.8,111.8,111,107.7,111.8,115.4,115.3,107.7,106.5,109.5,102.6,100.8,104,0.14,0.15,0.15,-0.22,0.04,0.0899999999999999,0,0,0,0,0,0,0,0,0,0,0,0,0,0,0,0,0,-0.289642,-0.465722,-0.224991,-0.0648030000000004,-0.0642269999999998,-0.0756560000000004,0.0113460000000001,0.0841649999999996,0.0373579999999998,-0.224991,0.0264654,0.0344386,0.0011721,-0.0014477,-0.001533,0.0017686,-0.0155907,0.0006332,0.0012307,-0.0028281,-0.0003223,0.0110283,1.73002458188758,1.9,0.100000000000001,0.000373000000000179,0.0005465,0.0126076,0.0025997,-0.0493398,-0.046175,0.0365472,0.0144992,0.0098376,0.2312455
177,6.6,5.3,7.6,-7.1,5.3,-1.8,-2.9,17.4,-3.1,3.1,4.59,44.17,-0.3726885,7.080485,-6.511357,3.35588,2.435647,-22.76018,4.947973,2.36379,-17.20958,-1.503455,1.92976,25.55914,101.44,4.3,3.5,3.9,10.65894,13.20647,1.844142,8.585073,102.7,108.96,106.17,109.68,-0.0251154,-0.0929549999999999,-13.61852,-9.017449,-0.0570749999999998,10.13235,49.42887,0.0446220000000004,18.90391,75.8417,0.407133,-1.827701,0.013484001159668,-0.0156574938827403,-0.00666840004172579,-0.0249804829684416,0.00921800000000017,2.359346,13.61925,0.6279615,13.1,9.3,0.239562317728996,9.56248092651367,20.3936500549316,7.19,13.98,9.19,17.7480030059814,101.63,98.6,101.3,100.53,102.75,106.9,117.2,111.9,107.3,100.7,100.7,101.2,101.3,100,106.9,99.1,111.8,109.9,108.5,111.9,116.6,118.6,109,108.5,110,103,101,104.1,-0.04,-0.1,0.0899999999999999,0.52,0.49,0.27,0,0,0,0,0,0,0,0,0,0,0,0,0,0,0,0,0,0.207738,0.495431,0.153716,0.0882290000000001,0.0838679999999998,0.106916,0.0519799999999999,0.0143710000000001,-0.00270499999999973,0.153716,-0.0035381,0.0221443,0.0022039,0.0009122,0.0008907,0.001822,-0.00353,0.0015416,0.0021973,0.0003891,0.0013576,0.0106926,1.723546786355,2.2,-0.2,-0.0008490000000001,0.0191193,0.0104141,0.020607,-0.0512924,-0.0832572,0.0111475,0.0035863,0.0098476,0.1774902
178,6.2,2.5,1.5,-12.6,6.1,-1.6,-0.4,8.5,-3.3,0.62,-2.45,23.12,-2.603931,2.056964,-5.122504,-1.267002,-0.3218229,-2.816202,0.335026,-4.566431,-2.233511,-5.978783,-1.437992,18.33221,101.49,5.7,4.7,5.3,10.27985,11.18274,2.447457,11.18115,102.33,106.61,103.66,108.72,0.0173059,0.083852,-43.08729,-45.24584,-0.0801760000000002,-14.04974,-1.985986,-0.336244,8.420417,47.16979,-0.201991,-0.3666538,0.00262594223022461,0.00785523688021813,-0.00543882371674664,-0.0118746094207127,0.000502999999999698,-5.682931,5.93223,1.459627,13,9.1,-0.141086161136627,10.063817024231,20.2795886993408,6.25,13,8.82,17.7941074371338,101.87,99.6,101.23,100.83,102.83,106.9,114.7,111.6,107.5,100.8,100.6,100.9,101.9,100,106.8,99.7,111.2,108.6,108.4,110.6,115.9,119.5,109.4,109.8,110,103.1,101.4,103.8,-0.1,-0.0699999999999998,-0.14,-0.0300000000000002,-0.29,-0.12,0,0,0,0,0,0,0,0,0,0,0,0,0,0,0,0,0,0.0745140000000002,-0.0359499999999997,0.249544,0.052006,0.0648979999999999,0.0389740000000001,0.0665309999999999,0.126494,0.116596,0.249544,0.0131712,0.0069108,0.0017123,-0.0001235,-0.0002089,0.0031171,-0.0025249,0.0002117,0.0015812,-0.0009356,0.0005403,0.009656,3.24616868712115,2,-0.100000000000001,0.000671000000000088,0.0219455,0.0350485,0.0424747,0.0201864,-0.003078,-0.0069909,-0.0210533,-0.0077057,0.0848217
179,6.1,2.4,-2.7,-10.9,2.2,-2.9,-2.5,6.7,-6.9,1.77,-12.85,18.73,-0.1434001,2.622253,-4.867719,2.846552,-1.276204,-20.08321,1.98417,13.91738,-10.08597,5.314045,13.91541,43.1399,101.63,-3,-2.1,-2.6,10.73711,14.88675,5.874585,15.97719,103.1,105.73,106.96,109.33,0.0152717,-0.0277130000000001,-44.03469,-47.31446,-0.00742399999999988,-30.73515,-24.14402,0.0769279999999997,-24.69654,-20.3514,0.05586,2.217822,-0.000819683074951172,0.000368842342207003,-0.00155539198883361,0,0.00286000000000009,-7.825634,-0.4145298,0.6872859,13.3,9.6,1.084148645401,10.2157011032104,20.1455936431885,5.73,12.65,9.12,17.5045356750488,101.73,98.9,101.16,101.33,102.8,105.8,110.8,109.7,106.3,100.6,100.4,100.7,101.7,100,105.3,98.5,107.6,107.1,107.1,108,113.1,114.7,109.2,109.4,110.2,102.7,101.1,103.4,0.1,0.0800000000000001,0.0800000000000001,-0.13,0.26,0.37,0,0,0,0,0,0,0,0,0,0,0,0,0,0,0,0,0,0.111336,0.0733859999999997,0.362734,0.21633,0.115183,0.118075,0.117424,0.150369,0.181713,0.362734,-0.0226965,-0.0514541,-0.0043364,-0.006742,-0.0068998,-0.0008531,-0.0107732,-0.0061698,-0.0044117,-0.0041227,-0.0089722,0.0113659,4.1309103809843,2.2,0.100000000000001,0,0.0276957,0.021513,0.0375748,0.0169945,0.009263,-0.0152354,-0.0075045,0.0065799,-0.0206695
180,6.2,6,1.1,-7.1,1.8,-1.1,-4.4,5.2,2.8,0.38,-6.78,49.78,-7.746608,3.849045,-8.322288,-7.968416,-3.343208,-14.53705,-0.0017325,-5.861529,-13.23328,6.136245,20.7445,12.4359,101.72,1.3,1.3,1.3,9.622307,8.334605,12.56618,7.956226,100.44,104.96,106.89,96.13,-0.0181893,0.0864469999999999,-18.60043,-17.84213,0.109963,-14.62454,7.632156,0.449155,-6.753919,-5.575223,-0.186362,4.299328,0.00163888931274414,-0.00470590599627122,0.00419811823482341,-0.00341880674878561,0.00859500000000013,8.275876,-4.054051,0.4551677,12.7,9,-0.0228591561317444,9.54729557037354,18.8244934082031,3.4,11.8,8.2,17.2318744659424,101.85,99.6,101.26,101.16,102.79,104.9,109.1,108.1,105.5,100.5,100.2,100.6,101.6,99.8,104.4,98.6,105.6,105.7,105.9,107.1,110.6,110.4,107.6,107.6,111.6,102.2,100.5,102.8,-0.00999999999999979,-0.0800000000000001,0.02,0.77,0.52,0.41,0,0,0,0,0,0,0,0,0,0,0,0,0,0,0,0,0,-0.308597,0.548307,0.305806,0.288705,0.173964,0.140918,0.0387429999999997,-0.0458950000000002,-0.0250079999999997,0.305806,-0.0030251,-0.0013261,-0.0001698,-4.05e-05,-8.25e-05,0.0014801,-0.0032868,0.0004129,-0.0002069,0.0034657,-0.0030828,-0.008481,3.64717182954795,2.1,-0.100000000000001,0.148377,0.0097833,0.0042706,0.0182438,-0.0195804,0.0027533,0.0137191,0.0147848,0.0185375,0.1073914
181,6.2,6,1.1,-7.1,1.8,-1.1,-4.4,5.2,2.8,0.38,-6.78,49.78,-7.746608,3.849045,-8.322288,-7.968416,-3.343208,-14.53705,-0.0017325,-5.861529,-13.23328,6.136245,20.7445,12.4359,101.72,-0.2,-0.4,-0.3,9.622307,23.34447,14.54498,47.65564,100.52,105.14,105.44,123.87,-0.000877400000000028,-0.201972,9.543063,16.48259,0.036505,6.428677,38.65818,-0.248135,16.31154,20.39869,0.571243,5.445026,0.00945425033569336,-0.0248154230122884,0.00352514602576709,-0.00687287928776206,0.00372499999999976,-6.244509,18.13334,1.827186,13.2,10.5,3.47995758056641,9.97236728668213,17.700704574585,-13.81,14.97,8.62,12.7039976119995,101.47,99.5,101.36,100.17,102.66,104.3,106.8,107.3,104.9,100.3,100,100.8,101.4,99.7,103.9,97.8,105.6,104.8,105.2,106.2,109,110.5,105.9,107,112.3,101.8,99.9,102.3,-0.13,-0.02,-0.29,-0.479999999999999,-0.44,-0.41,0,0,0,0,0,0,0,0,0,0,0,0,0,0,0,0,0,0.0909839999999997,-0.551747,-0.569488,-0.355077,-0.239409,-0.20314,-0.108707,0.012264,0.0425719999999998,-0.569488,0.051178,-0.011395,0.0024257,0.0007739,0.00068,0.0043569,-0.003366,0.001358,0.0023255,0.0030293,-0.0012012,0.0251989,3.47171759480231,2.1,0,0.108323,0.0546575,0.0710182,0.0562449,0.0023646,0.013938,0.0574651,0.0308766,0.0229254,-0.2648931
182,7.03,6,1.1,-7.1,1.8,-1.1,-4.4,5.2,2.8,0.38,-6.78,49.78,-7.746608,3.849045,-8.322288,-7.968416,-3.343208,-14.53705,-0.0017325,-5.861529,-13.23328,6.136245,20.7445,12.4359,101.66,1.7,1.8,1.7,9.622307,21.70059,56.08452,23.10021,98.08,98.61,138.86,101.17,0.0385667000000001,0.13166,-36.43417,-30.40015,0.247754,-47.2503,-33.89372,-0.244186,-35.18736,-28.21021,0.769857,4.304581,0.0233302116394043,-0.018252277869574,-0.00541302981392545,0.00344234419097292,-0.00486799999999965,44.67719,12.65401,0.8015442,12.8,8.6,-1.73217034339905,9.44951057434082,17.4330959320068,13.52,8.5,8.76,12.6499128341675,102.9,104.4,101.06,101.52,102.24,103.7,106.4,105.9,104.2,100.3,100,100.5,101.1,99.9,103.4,100.8,103.9,104.9,104.4,106,107,108.3,104.3,106.4,112.1,101.5,99.8,101.7,-0.0499999999999998,-0.0800000000000001,0.0899999999999999,-0.21,-0.35,-0.3,0,0,0,0,0,0,0,0,0,0,0,0,0,0,0,0,0,-0.0446819999999999,-0.37117,-0.149182,-0.237552,-0.198862,-0.179405,-0.0651299999999999,-0.0503499999999999,-0.0648770000000001,-0.149182,-0.0657253,-0.0358014,0.0052967,0.0061622,0.0061731,0.0056868,0.0094662,0.0056925,0.0052967,0.006187,0.0061164,-0.024107,4.0352040886207,2.2,0,0.00389100000000009,-0.0397263,-0.0188599,-0.0437832,0.0124011,-0.0054526,0.0258403,0.0037441,-0.0071135,-0.0992956
183,6,2.1,1.3,-4.7,4.5,4.2,-2.2,1.8,3,0.91,-14.43,9.16,5.378737,20.04415,0.105053,8.257668,9.020359,5.183256,12.40707,3.758897,-5.303226,3.172456,5.009478,3.494281,101.5,-1.7,-1.9,-1.7,3.602569,4.126511,-1.709945,28.9944,103.2,101.1,84,104.8,0.0261467,-0.2649792,-2.683892,8.009532,0.138476000000001,-0.6034188,12.90992,-0.487217999999999,-3.453161,-0.1559709,-1.138842,4.44427,-0.0149297714233398,0.00101658743343546,0.000799801234177009,0.0237702193339119,-0.000109000000000137,3.004424,7.157566,0.6379259,12.8,8.7,-1.38971400260925,8.63470935821533,16.9221382141113,5.96,7.11,8.2,11.9184837341309,102.06,102.1,101.07,100.33,102.24,103.1,105,105.1,103.7,100.2,100,100.3,100.9,99.7,102.7,99.5,101.6,103.9,103.7,104.9,105.3,106.8,103.4,106.5,111.4,101.3,99,101.7,0.0100000000000002,0.0500000000000003,0.13,0.37,0.32,0.54,0,0,0,0,0,0,0,0,0,0,0,0,0,0,0,0,0,0.010427,0.309006,-0.128646,-0.109521,-0.0940059999999998,-0.0882499999999999,-0.0638650000000003,-0.121855,-0.079377,-0.128646,-0.028161,0.0228844,0.007246,0.0088973,0.0089698,0.005815,0.0160193,0.0078659,0.007287,0.0084,0.009356,-0.006568,3.7108329419768,2.4,-0.0999999999999996,0.0889549999999999,-0.0272522,-0.0292368,-0.0377016,0.0003304,-0.031467,-0.0029726,0.0020614,0.0054798,0.0260129
184,7,6.9,4.1,-3.6,4.8,8.5,-2.3,1.9,3.1,10.81,-6.43,117.79,5.520278,5.432953,2.816398,7.315443,9.678061,-7.081081,15.90397,4.554363,-13.63174,-4.093719,5.170959,-7.794152,101.37,0.8,0.4,0.6,3.983963,15.77982,19.34919,38.09514,100.2,100.5,103.5,111,-0.0237571,0.1839892,-4.298812,17.8754,0.229743999999999,20.01579,36.31987,-0.0114460000000003,-2.479753,2.222524,-0.21269,3.146327,0.00216960906982422,-0.00361205605392691,-0.00687379557905797,-0.0169208774883371,0.0064280000000001,7.107136,9.380302,1.257042,12.7,8.9,-0.978592157363892,8.47654724121094,16.4644355773926,4.51,7.19,8.34,11.8883590698242,101.8,100.7,101.05,101.11,102.25,103.4,106.1,105.7,103.9,100.1,100.1,100.2,100.9,99.4,102.8,98.2,102.3,104.7,103.7,104.6,105.4,106.4,104.2,107,110.7,101.4,98.7,101.7,0.0699999999999998,0.00999999999999979,0.18,-0.53,-0.57,-1.09,-1,0,0,0,0,0,0,0,0,0,0,0,0,0,0,0,0,0.0160020000000003,-0.157851,-0.387221,-0.269525,-0.151603,-0.160912,-0.204386,-0.226743,-0.144275,-0.387221,-0.0277319,-0.0427575,0.0125079,0.015594,0.0157032,0.0108747,0.0275083,0.0138383,0.012548,0.0135407,0.0173936,-0.0224791,4.7281029554197,2.5,-0.1,0.186926,0.0027151,0.0003986,0.0024872,-0.0018439,-0.0430598,0.0123796,-0.0032897,-0.0091228,-0.0221968
185,6.8,9.8,3.5,-1.6,8.9,10.8,-1.6,-4.5,4.3,9.51,-14.79,118.5,3.368142,11.69685,2.182234,3.674153,9.264379,-0.3755025,13.59178,18.38771,-7.048916,7.988247,20.3436,13.53205,101.58,-0.4,0.6,0,2.821782,17.91888,17.28506,39.06485,100.6,102,102.5,113.2,-0.0107404,-0.0273590000000001,94.77673,257.3145,2.093369,2.312013,23.66161,0.308279,-30.79724,-10.41505,0.216022000000001,1.868503,0.00616121292114258,0.0122833496375284,-0.0274293596358067,-0.00856903272510151,-0.0342450000000003,0.2925556,9.443327,1.036962,12.6,8.9,-0.62250417470932,7.6852855682373,16.1422901153564,3.63,6.02,8.28,11.589035987854,101.75,100.1,101.11,101.8,102.24,104.1,108.1,107.4,104.4,100.3,100.3,100.3,101.1,99.3,103.6,99.5,104.2,106.8,104.3,105.5,106.6,107.6,105.3,107.8,111.1,101.4,99.1,101.7,-0.0899999999999999,-0.04,-0.26,-0.17,0.0300000000000002,0.18,0,0,0,0,0,0,0,0,0,0,0,0,0,0,0,0,0,-0.193343,-0.199881,0.0465209999999998,-0.033379,-0.124025,-0.089515,-0.0853599999999997,-0.0687069999999999,0.0148290000000002,0.0465209999999998,0.0042868,-0.0048423,0.0036111,0.0040989,0.0041213,0.0030718,0.0042748,0.004077,0.0037794,0.0045996,0.0036607,0.000865,2.8485639610889,2.8,-0.1,0.00761900000000004,0.021378,0.0518236,0.0104036,0.0323763,0.0289893,-0.0140338,-0.0086184,0.0024853,0.1357951
186,6,6.7,1.7,-4.7,7.5,7.2,-2.3,7.6,1.9,5.29,-4.83,9.56,5.20268,9.35075,6.904266,3.90683,7.8989,-14.45004,11.35469,18.05171,-12.68733,4.500687,16.65666,21.11481,101.68,-4.9,-4.4,-4.7,3.113351,11.67234,17.11828,15.76126,100.4,104.4,102.6,101.5,-0.0245887,0.109725,67.43109,200.1786,-0.192135,-16.4065,4.129186,0.0165899999999999,-35.27337,-9.738733,0.256441,1.810396,-0.00672340393066406,0.0141605134180829,0.00264176748356435,0.0102740629761853,0.00109200000000031,6.594921,3.144152,0.6118382,12.7,8.4,-2.49999332427979,7.475022315979,15.612645149231,3.9,6.61,7.97,11.1002025604248,101.85,100.3,101.13,102.4,102.26,104.7,111.5,108.8,104.6,100.4,100.7,100.3,101.1,99.5,104.1,99.9,104.9,109.2,105.1,108.1,108.1,107.9,105.8,107.4,110.9,101.5,99.6,102.1,0.00999999999999979,-0.00999999999999979,0.2,0.57,0.63,0.890000000000001,-0.5,0,0,0,0,0,0,0,0,0,0,0,0,0,0,0,0,-0.113727,0.383146,0.244989,0.188614,0.17398,0.18862,0.14106,0.0640869999999998,-0.0560590000000003,0.244989,-0.0835261,-0.0948396,0.0026293,0.0046577,0.0046482,0.005085,0.0080948,0.0041552,0.0027452,0.0028453,0.0062146,-0.0203867,3.22560310112527,2.9,0.2,0.120952,0.0048308,0.009119,-0.0059328,-0.0063319,0.0445094,-0.0011015,0.0055137,0.0031219,0.0442643
187,6,5.7,-2,-4.3,7.2,8,-2.6,7.5,8.5,-0.46,-8.58,33.27,4.027279,15.54749,5.243687,2.569602,14.33697,-12.68086,18.32138,26.40338,-10.20196,9.898543,21.19411,32.06352,101.88,1.3,1.8,1.5,3.134648,17.49416,14.90284,26.70641,101,106.9,105,113.1,-0.0168776000000001,-0.0870880000000001,17.96767,63.34898,-1.430518,-25.0667,-15.76418,0.0243650000000004,-27.10333,-6.900194,0.0731320000000002,1.208354,-0.0294198989868164,0.0380099269798733,0.037940913259373,0.0252326254807245,0.0291169999999998,2.664048,5.42616,1.252164,13.2,8.5,-3.42114663124085,7.19026565551758,15.4972200393677,3.58,5.12,8.55,10.839921951294,102.06,100.5,101.2,103.01,102.37,104.6,113.4,109,104.1,100.6,100.7,100.7,101.1,99.8,103.9,100.1,104,110.7,105.2,109.9,107.7,105.6,105.7,107.1,110.8,101.4,99.3,102.4,-0.26,-0.23,-0.33,-1.19,-1.38,-1.59,0,0,0,0,0,0,0,0,0,0,0,0,0,0,0,0,0,-0.363868,-0.797973,-0.529539,-0.271815,-0.142934,-0.203761,-0.165255,-0.150246,-0.0992409999999997,-0.529539,0.0101261,-0.0196047,0.0105371,0.0130939,0.0131645,0.0095339,0.0216384,0.0118303,0.0106158,0.0107141,0.0151329,-0.0205183,3.7779152708832,2.9,-0.1,0.089048,0.035388,0.0212746,0.0460482,-0.027751,-0.0123324,-0.0618949,-0.023097,-0.004169,0.1993346
188,6.1,7.3,4.2,-1.1,2.7,6.4,0.2,-0.5,5.7,-4.4,-10.27,4.98,5.708192,18.05772,7.825943,3.637667,10.39066,-4.973352,14.71734,31.77652,-21.08612,2.427527,14.57454,44.73632,101.98,-0.6,-1.7,-1.1,3.459266,13.88901,8.325721,21.32962,104.1,105.8,103.7,112.2,0.0391238,-0.00913600000000003,120.7127,161.5814,-0.386168,-16.51577,-8.407791,0.940233,-22.18586,-21.29211,-0.530919,0.5883501,-0.00888872146606445,0.0195755593515196,0.00756801304994925,0.0246115785965669,-0.00307199999999996,2.807676,3.445031,0.7317755,13.2,8.3,-4.40690183639526,6.6167459487915,15.2827014923096,3.29,3.9,8.21,10.7996139526367,102.3,101.7,101.32,102.66,102.54,104.1,112.1,107.8,103.5,100.7,100.7,101.1,101.2,100.2,103.3,100.6,103.5,109.7,104.8,109.7,106.2,102.5,106.1,106.6,110.5,101.4,99.9,102.6,-0.18,-0.16,-0.15,-0.41,-0.46,-0.35,0,0,0,0,0,0,0,0,0,0,0,0,0,0,0,0,0,-0.115175,-0.273247,-0.386582,-0.234402,-0.224911,-0.217372,-0.0271219999999999,0.0182280000000001,0.0591979999999999,-0.386582,-0.0539794,-0.0826354,0.005796,0.003418,0.0033832,0.005856,-0.0064659,0.0048561,0.0056109,-0.0003462,0.006681,-0.0101957,5.16848303586814,2.7,-0.1,0.00478299999999998,0.0298142,0.0554914,0.0213947,-0.0556021,-0.1088405,-0.0560765,-0.0263076,-0.0066051,0.0360947
189,5.8,4.6,5.2,-0.1,7.5,9.8,-2.4,3.5,5.8,-10.63,-16.24,-4.93,7.257471,-1.270865,12.0808,4.808998,10.06579,-24.57397,14.51738,20.11518,-9.17771,-3.594752,5.847933,16.41631,101.99,0,-0.3,-0.1,2.827105,13.18106,9.293519,12.40186,107,110.9,109.4,105.9,-0.0190988000000001,0.017161,25.03215,53.49135,0.0909359999999992,-29.98112,-26.33816,-0.200495,-17.79809,-24.21572,-0.23974,-0.6911672,0.00574111938476562,0.000878038784106617,0.0108848793239066,-0.00813674139306171,0.0137969999999998,10.7883,1.123925,0.5731826,13.2,8.5,-3.7147855758667,7.16112756729126,14.8549270629883,2.16,4,8.29,10.5773544311523,102.47,103.6,101.19,102.79,102.58,103.6,111.7,107.3,102.9,100.8,100.9,101.1,101.1,100.2,103.2,102.08,105.45,109.44,104.2,109.2,105.1,99.6,105.8,104.5,110,101.3,100.1,102.9,0.3,0.29,0.3,0.65,0.18,0.86,0,0,0,0,0,0,0,0,0,0,0,0,0,0,0,0,0,0.101105,0.122574,0.0346630000000001,0.0188470000000001,0.0857700000000001,0.113123,0.145003,0.147489,0.072419,0.0346630000000001,0.0346551,-0.006803,0.000833,-0.0015993,-0.0016704,0.0026593,-0.0078177,-0.0007019,0.0007544,-0.0034924,5.67e-05,-0.0043354,5.35086144668044,2.3,-0.0999999999999996,0.0322170000000002,0.0042849,-0.007822,0.0188284,0.0076942,0.012538,-0.0379324,-0.0274282,-0.0135422,-0.1669979
190,5.9,4.8,8,4.5,9.1,11.5,0.3,0.9,5.5,-9.15,-13.09,-28.78,10.85082,28.22108,12.87578,8.566663,10.4533,-24.38522,14.73952,20.58663,-20.94779,-3.113899,5.57104,12.16864,101.94,0.4,0.9,0.6,3.099563,16.2425,6.906301,16.25212,109.4,110.4,109.8,114.5,0.0261088,0.0262910000000001,73.42024,112.6191,-0.104207,-3.879196,12.32223,0.251706,-3.3274,-5.239421,0.226101,-1.804798,-0.00424051284790039,0.0118399532636556,-0.00423638468809496,0.00651468102119367,0.00964500000000035,7.46643,-3.756503,1.307196,13.1,8.1,-5.32215023040771,7.17295360565185,14.604793548584,2.8,2.7,8,10.2267026901245,102.54,103.3,101.42,103.2,102.54,103.3,112.4,106.7,102.5,100.7,100.9,101.2,101,99.9,102.8,101.4,106.4,109.4,104,109.4,105.6,98.3,105.3,102.6,109.6,101.1,100.4,102.7,-0.17,-0.17,-0.13,-0.5,-0.11,-1.08,-1,0,0,0,0,0,0,0,0,0,0,0,0,0,0,0,0,-0.206456,-0.215681,-0.020095,-0.190373,-0.0691330000000003,-0.0379649999999998,-0.14192,-0.0890150000000003,-0.0739870000000002,-0.020095,-0.0806351,-0.1078038,0.0075421,0.0090628,0.0091052,0.0061574,0.0159516,0.0080585,0.0075989,0.0088582,0.0092483,-0.0208149,3.82064591905538,2.5,0.0999999999999996,0.240826,-0.071929,-0.0965366,-0.0520754,0.0256128,0.0211573,0.0239253,1.48e-05,-0.0125685,0.0650926
191,5.4,3.6,4.5,1.9,10.8,11.3,-1.3,-6.2,12.7,-16.72,-9.38,-27.28,10.57328,3.881258,12.64585,9.668862,12.12453,0.5708,15.51646,27.01818,-10.99248,-5.071218,8.360917,8.122032,101.92,3,2.9,3,2.920749,2.973671,-0.3360839,-2.311063,107.5,111.3,102.6,96.8,-0.025084,0.048062,56.07797,64.14005,-0.645274,-5.891473,6.825504,-0.0863310000000004,9.102407,-4.847511,-0.715776,-1.845941,-0.000333309173583984,0.000391631656770627,-0.00863572465702858,-0.00651468102119375,-0.00796200000000002,-1.251754,-5.779312,0.6557742,13.1,7.6,-6.90516567230225,7.08231449127197,14.3329057693481,2.83,1.48,7.98,9.87429714202881,102.18,102.5,101.35,101.63,102.38,102.7,109.2,104.6,102.2,100.8,101.1,101.5,100.8,100.1,101.8,99.9,107.3,106.3,103.3,107.9,105.5,97.9,103.2,101.6,109.3,101.1,100.2,102.3,0.0700000000000003,0.0800000000000001,-0.0300000000000002,-0.02,-0.02,0.35,0,0,0,0,0,0,0,0,0,0,0,0,0,0,0,0,0,0.167694,0.118863,0.180442,0.114369,-0.220622,-0.29564,-0.145643,-0.163243,-0.13628,0.180442,-0.0056214,0.0330734,0.0092325,0.0117822,0.0118704,0.0059686,0.0276022,0.00945,0.0093789,0.0127735,0.0110092,0.0083237,3.85015776154631,2.2,-0.0999999999999996,0.0108110000000003,0.0177016,0.0033665,0.0166903,-0.0095477,-0.0072136,0.0056119,0.0020218,-0.0125251,-0.2591944
192,5.7,6.2,2.1,4.9,8.2,9.1,2,-0.1,10,-14.9,0.33,-36.47,10.57328,3.881258,12.64585,9.668862,10.95481,13.17787,13.47631,33.53406,5.756292,0.9235302,12.30425,13.90695,101.85,1,0.9,0.9,3.327779,-5.948705,-9.014589,-13.93443,105.3,112.6,95.1,86.1,-0.0306893,0.1168,50.7846,38.01206,-0.396826,-17.0543,-16.73735,-0.241497,7.318273,-11.81591,-0.512677,-2.14134,0.00904417037963867,-0.00773701608187764,-0.00668734146981586,0.00163265342388531,-0.026583,22.64562,1.838766,0.3779484,13.5,8.2,-6.24578094482422,7.47436428070068,14.2092123031616,3.6,1.5,8.1,9.77743721008301,101.86,102.5,101.52,99.35,102.22,100.9,103.8,100.8,100.8,100.7,100.9,101.6,100.4,100.2,100.3,99,105.4,101.5,101.6,103.8,102.4,98,100.3,101.4,107.9,100.8,99.7,101.9,0.0799999999999996,0.0299999999999998,0.4,0.58,0.9,0.86,0,0,0,0,0,0,0,0,0,0,0,0,0,0,0,0,0,-0.300065,0.434144,0.282825,0.0165009999999999,-0.039793,-0.0255920000000001,-0.155718,-0.18174,-0.133496,0.282825,-0.0371113,-0.0536432,0.0085754,0.011281,0.0113964,0.0033169,0.0294552,0.008553,0.0086937,0.0134711,0.0094481,-0.0114517,3.31073790430216,1.9,0.2,0.0746959999999999,-0.0962653,-0.0996485,-0.0905542,-0.0125208,-0.0248303,-0.0013871,0.0011864,-0.0006313,0.1133924
193,5.7,6.2,2.1,4.9,8.2,9.1,2,-0.1,10,-14.9,0.33,-36.47,10.57328,3.881258,12.64585,9.668862,10.95481,13.17787,13.47631,33.53406,5.756292,0.9235302,12.30425,13.90695,101.85,0.9,0.2,0.7,3.327779,4.193331,6.604854,0.2699369,103.2,103.8,110.3,99.1,0.0590510000000001,-0.128831,81.09003,69.09292,0.103454,5.45816,3.901947,-0.350775000000001,23.95873,3.367638,0.560925,-2.325921,0.00847148895263672,-0.014460556357687,-0.0108780453846361,0.0161815828512419,0.00296399999999997,22.64562,1.838766,0.3779484,13.4,7.6,-8.19288539886475,6.74028587341309,14.6859226226807,17.2,0.4,8.4,10.7552347183228,101.74,101.9,101.58,98.73,102.07,100.1,101.2,98.4,100.3,100.6,100.8,101.6,100.3,100,99.5,98.3,104.7,98.6,100.2,100.3,101,96.7,98.4,100.6,106.4,100.4,99.4,101.5,-0.42,-0.39,-0.38,-0.51,-0.54,-0.63,-1,0,0,0,0,0,0,0,0,0,0,0,0,0,0,0,0,0.0515379999999999,-0.154444,-0.25968,-0.160314,-0.133961,-0.158745,-0.154305,-0.112705,-0.175836,-0.25968,0.0357118,0.005404,0.0097737,0.0103383,0.0103955,0.0065112,0.0167289,0.0093637,0.0098157,0.0103865,0.0103116,-0.0020494,3.29234804203527,1.6,0.1,0.126667,0.0757422,0.0929699,0.069231,0.0069222,0.0056229,-0.0089364,-0.0122457,-0.0092134,-0.2276306
194,5.7,6.2,2.1,4.9,8.2,9.1,2,-0.1,10,-14.9,0.33,-36.47,10.57328,3.881258,12.64585,9.668862,10.95481,13.17787,13.47631,33.53406,5.756292,0.9235302,12.30425,13.90695,100.57,2.1,2.6,2.3,3.327779,-12.11491,-28.91784,-10.20085,109.6,105,76.1,94.9,0.0495902999999999,-0.19333,97.16709,74.74138,0.0393650000000001,35.34266,41.38572,0.0700920000000007,49.03308,13.16675,0.0244330000000001,-1.413375,0.0196256637573242,-0.00731776915251777,-0.0150687351097026,-0.0210875616200964,0.00218099999999977,22.64562,1.838766,0.3779484,13.4,8.6,-4.83667850494385,6.1240930557251,14.1804800033569,-2.4,2,8,10.3948211669922,101.49,100.7,101.95,98.8,102.21,100.1,101.8,98.5,100.3,100.4,100.8,101.6,100.2,99.4,99.67,98.91,105.59,98.95,99.9,99.5,101.6,97.1,97.7,100.4,105.5,100.3,99.3,101.5,0.0500000000000003,0.0500000000000003,-0.16,-0.19,-0.64,-0.14,0,0,0,0,0,0,0,0,0,0,0,0,0,0,0,0,0,0.114962,-0.238714,-0.190036,-0.141585,-0.0974149999999998,-0.0623269999999998,-0.0523660000000001,0.00517999999999974,-0.0022420000000003,-0.190036,0.1291733,0.1931424,0.0033932,0.0029054,0.002892,0.0040693,0.0010424,0.0031939,0.0032635,0.0029817,0.002831,0.0518417,2.80129772428062,1.5,-0.2,0,0.0292954,0.0338612,0.0359983,-0.0030856,-0.0261998,0.0331736,0.0068798,0.0001287,-0.5254159
195,8.5,5.4,2.7,5.4,10,11.4,2.1,7.5,6.9,-2.61,10.84,-16.94,4.164933,-15.43248,-5.293413,11.14051,14.83107,-0.4536129,19.62216,68.32713,-8.433349,1.753587,8.074539,-31.51745,100.78,-2.1,-1.6,-1.9,8.439727,2.736166,14.91565,-8.356966,102.2,102,118.7,96.3,-0.0418489999999998,0.167124,54.61723,31.937,-0.0150210000000004,-20.17685,-13.77863,-0.340594,-2.218008,-10.26755,0.266563,-1.401894,-0.0012054443359375,-0.0037893132586039,-0.00628941027873079,-0.00988475923254197,0.00879699999999994,15.1615,3.772881,0.5748397,13.7,8.7,-5.61821985244751,7.20073747634888,14.3879671096802,3.1,4.6,8.6,10.9996280670166,102.28,104.1,101.96,100.06,102.06,100.4,104.2,99.4,100.4,100.5,101.2,101.7,100.3,99.3,100.58,103.71,106.7,101.06,100.2,100.7,101.6,98.3,97.6,99.6,105.2,100,100.4,101.2,0.22,0.23,0.17,0.21,0.13,0.32,0,0,0,0,0,0,0,0,0,0,0,0,0,0,0,0,0,0.070946,0.071342,-0.0520940000000003,-0.0272589999999999,0.0362339999999999,0.119069,0.0952330000000003,0.115328,0.0166360000000001,-0.0520940000000003,0.049684,0.0918808,-0.0002284,-0.0005231,-0.0005612,0.0023856,0.0010638,-0.0007553,-0.0003443,-0.0001259,-0.0008626,0.0490179,2.26933913743497,1.9,0,0.00381000000000009,0.0177655,0.0257893,0.0004892,0.0137429,0.0464015,0.0247612,0.0160432,0.013134,0.078989
196,5.4,3.8,0.1,3.4,12.7,11.5,0.6,9.5,4.9,-15.84,-1.93,-19.49,2.274245,-15.46668,-9.444771,10.65038,13.92554,11.21781,17.74891,29.52075,-7.923606,1.262838,13.07693,-35.4485,100.92,1.5,0.9,1.2,6.388743,-0.2675571,-6.271973,2.689209,103.9,102,99.2,96.3,0.0166659999999999,-0.117141,95.35596,69.97763,0.270046,-3.645004,3.869918,-0.0225960000000001,1.440203,-3.834191,0.0150490000000003,-0.9568133,-0.0028986930847168,0.000706426296638661,-0.0051810298467453,-0.00497926339960745,-0.0103549999999997,15.10308,2.084071,1.114861,13.5,8.5,-5.96076583862305,6.46221494674683,14.0822238922119,3.5,2.9,8.5,10.7199239730835,102.54,106.1,101.83,99.48,101.96,100.9,105.3,100,100.9,100.9,101.9,101.7,100.3,99.4,101.07,106.99,109.1,100.59,100.4,101.6,103.1,98.4,97.2,98.7,105.1,99.8,101.1,101.1,0.0100000000000002,0,-0.02,-0.0600000000000001,0.21,-0.74,0,0,0,0,0,0,0,0,0,0,0,0,0,0,0,0,0,0.00126500000000007,-0.0497509999999997,0.0912299999999999,0.0747659999999999,0.174831,0.132294,0.178133,0.148919,0.202497,0.0912299999999999,-0.0040264,-0.0351505,-0.0029964,-0.0055532,-0.0056081,-8.73e-05,-0.0217195,-0.0031657,-0.0032115,-0.0081677,-0.0033283,0.0311527,0.55919417629311,2,-0.2,0.0193720000000002,0.0385604,0.0462742,0.0252953,0.0280538,0.0714188,-0.012166,0.0006056,0.0024376,0.1278796
197,5,0.2,3.5,5.7,10,11.5,1,14.6,2.2,-21.5,-3.1,-24.27,1.943687,-8.600356,-5.1943,7.304453,11.41023,-1.431215,16.90995,10.37417,-22.31518,-5.517542,-0.3572295,-31.87237,100.85,-2.5,-1.2,-1.9,7.506939,-4.391741,-1.70693,-13.51327,103.4,107.9,104.1,90.4,-0.0603322999999999,0.167606,3.666197,-35.34829,0.21858,28.40833,31.11249,0.0454239999999997,6.93984,-2.221517,-0.0359170000000004,-0.3092307,-0.014866828918457,0.022935757980078,0.0177422708880513,0.0375554338342201,0.00630199999999981,1.094471,-3.003289,0.9949297,13.4,8.4,-6.21093416213989,6.81176042556763,13.8465642929077,4.3,3.4,8.5,10.9301347732544,102.74,107.7,101.74,99.11,101.82,100.6,106.1,99.4,100.5,100.9,102.2,101.5,100.4,99.2,100.68,107.28,110.38,99.54,100.2,101.4,103.9,97.5,96.5,97.5,104.4,99.6,101.5,100.7,-0.19,-0.18,0.0499999999999998,0.0999999999999996,-0.0600000000000001,0.16,0,0,0,0,0,0,0,0,0,0,0,0,0,0,0,0,0,-0.032646,0.024613,0.151917,0.143448,0.0972730000000004,0.098039,0.0128379999999999,-0.056724,-0.0309970000000002,0.151917,-0.0601277,-0.0661321,0.00425,0.0041924,0.0042014,0.0033717,0.0006886,0.004684,0.0042076,0.0025959,0.005599,-0.0615492,1.5762966531216,1.8,0,-0.0310080000000004,-0.0680408,-0.0826578,-0.0691948,-0.0005126,-0.0250216,-0.0582337,-0.0397067,-0.0302744,0.2921987
198,6.3,2.8,10.4,10.7,10,12.6,1,11.9,5.7,-15.23,-2.9,-33.14,2.081309,-12.87518,-9.651686,10.45259,12.0061,-0.6543573,16.40025,9.523971,-13.96404,-2.250633,3.327832,-14.29255,100.89,3.2,1.5,2.5,8.957542,-4.68134,-5.75778,-8.378585,105.1,105.9,100.9,94,0.0341509999999999,0.068389,35.90063,-20.55308,-0.366349,38.43274,46.91515,0.220262,16.63053,6.734375,0.240528,0.2283003,-0.0145926475524902,0.00424357793805368,0.01407919662746,0.0206192872027356,-0.00687999999999978,4.745999,0.5761687,0.5874816,13,8.4,-5.3801212310791,7.25160264968872,13.7049293518066,4.3,4.4,8.5,11.2595520019531,102.68,108.3,101.81,98.12,101.59,100,104.5,97.9,100,100.9,102.2,101.6,100.5,99.1,99.8,107.17,112.2,97.46,99.7,99.8,104.3,96.5,95.3,97,104.3,99.8,101.9,99.9,-0.54,-0.57,-0.0600000000000001,0.3,0.46,0.37,0,0,0,0,0,0,0,0,0,0,0,0,0,0,0,0,0,-0.3468,0.106277,0.0358190000000001,0.018173,-0.0419460000000003,-0.00642200000000015,-0.037433,-0.0678079999999999,-0.071129,0.0358190000000001,0.0272851,0.019753,0.0052075,0.0063915,0.0064154,0.0035667,0.0132942,0.0053501,0.0052643,0.0071588,0.0057483,0.0109015,1.03698491418007,1.6,0.1,-0.0166739999999996,0.0666585,0.0715837,0.0694599,0.0254283,-0.0411263,-0.0492578,-0.0278201,-0.0098438,0.1257114
